# _tick,_time,frames,mean_episode_return_0,loss_0,mean_episode_return_1,loss_1,mean_episode_return_2,loss_2
0,1668981330.3949304,0,0.13725490868091583,0.14377674460411072,0,0,0,0
1,1668981331.1091805,3200,0.13725490868091583,0.14377674460411072,0.8766233921051025,0.8137455582618713,0,0
2,1668981331.271873,6400,0.13725490868091583,0.14377674460411072,0.8766233921051025,0.8137455582618713,0.8734177350997925,0.856985330581665
3,1668981355.7760181,9600,0.245456725358963,0.3233359158039093,0.8766233921051025,0.8137455582618713,0.8734177350997925,0.856985330581665
4,1668981356.6699855,12800,0.245456725358963,0.3233359158039093,0.757588803768158,0.5286535024642944,0.8734177350997925,0.856985330581665
5,1668981357.7851105,16000,0.245456725358963,0.3233359158039093,0.757588803768158,0.5286535024642944,0.7570681571960449,0.539223849773407
6,1668981384.12015,19200,0.2902672290802002,0.2896144986152649,0.757588803768158,0.5286535024642944,0.7570681571960449,0.539223849773407
7,1668981386.206489,22400,0.2902672290802002,0.2896144986152649,0.7086628079414368,0.43627381324768066,0.7570681571960449,0.539223849773407
8,1668981387.2934659,25600,0.2902672290802002,0.2896144986152649,0.7086628079414368,0.43627381324768066,0.7057703137397766,0.4350327253341675
9,1668981409.5910811,28800,0.346042662858963,0.35259324312210083,0.7086628079414368,0.43627381324768066,0.7057703137397766,0.4350327253341675
10,1668981411.8140304,32000,0.346042662858963,0.35259324312210083,0.6558494567871094,0.27654778957366943,0.7057703137397766,0.4350327253341675
11,1668981414.1051502,35200,0.346042662858963,0.35259324312210083,0.6558494567871094,0.27654778957366943,0.6536931991577148,0.27415359020233154
12,1668981436.3822546,38400,0.36921992897987366,0.25882092118263245,0.6558494567871094,0.27654778957366943,0.6536931991577148,0.27415359020233154
13,1668981439.8984592,41600,0.36921992897987366,0.25882092118263245,0.6335904598236084,0.25043338537216187,0.6536931991577148,0.27415359020233154
14,1668981442.5621593,44800,0.36921992897987366,0.25882092118263245,0.6335904598236084,0.25043338537216187,0.6287238001823425,0.25595977902412415
15,1668981462.844393,48000,0.37706124782562256,0.25902703404426575,0.6335904598236084,0.25043338537216187,0.6287238001823425,0.25595977902412415
16,1668981466.642126,51200,0.37706124782562256,0.25902703404426575,0.6254045367240906,0.25088217854499817,0.6287238001823425,0.25595977902412415
17,1668981470.614842,54400,0.37706124782562256,0.25902703404426575,0.6254045367240906,0.25088217854499817,0.6285702586174011,0.2834761440753937
18,1668981488.270678,57600,0.37171289324760437,0.22966071963310242,0.6254045367240906,0.25088217854499817,0.6285702586174011,0.2834761440753937
19,1668981492.9729989,60800,0.37171289324760437,0.22966071963310242,0.631080687046051,0.23501305282115936,0.6285702586174011,0.2834761440753937
20,1668981497.0557024,64000,0.37171289324760437,0.22966071963310242,0.631080687046051,0.23501305282115936,0.6323490738868713,0.24489396810531616
21,1668981516.565537,67200,0.37102341651916504,0.23321355879306793,0.631080687046051,0.23501305282115936,0.6323490738868713,0.24489396810531616
22,1668981521.7548246,70400,0.37102341651916504,0.23321355879306793,0.6334168314933777,0.27327021956443787,0.6323490738868713,0.24489396810531616
23,1668981527.2241013,73600,0.37102341651916504,0.23321355879306793,0.6334168314933777,0.27327021956443787,0.6291983127593994,0.2651923894882202
24,1668981541.9505122,76800,0.37444597482681274,0.24309541285037994,0.6334168314933777,0.27327021956443787,0.6291983127593994,0.2651923894882202
25,1668981547.9434059,80000,0.37444597482681274,0.24309541285037994,0.6255371570587158,0.2680943012237549,0.6291983127593994,0.2651923894882202
26,1668981553.8611171,83200,0.37444597482681274,0.24309541285037994,0.6255371570587158,0.2680943012237549,0.6245895624160767,0.24482391774654388
27,1668981568.7638083,86400,0.37959396839141846,0.24381309747695923,0.6255371570587158,0.2680943012237549,0.6245895624160767,0.24482391774654388
28,1668981575.4696667,89600,0.37959396839141846,0.24381309747695923,0.6228048801422119,0.2659069299697876,0.6245895624160767,0.24482391774654388
29,1668981582.2330291,92800,0.37959396839141846,0.24381309747695923,0.6228048801422119,0.2659069299697876,0.6211823225021362,0.24211697280406952
30,1668981595.6688302,96000,0.38034456968307495,0.23868267238140106,0.6228048801422119,0.2659069299697876,0.6211823225021362,0.24211697280406952
31,1668981603.0734947,99200,0.38034456968307495,0.23868267238140106,0.6225416660308838,0.2329624891281128,0.6211823225021362,0.24211697280406952
32,1668981610.8020265,102400,0.38034456968307495,0.23868267238140106,0.6225416660308838,0.2329624891281128,0.6228139400482178,0.22831186652183533
33,1668981621.350789,105600,0.37970981001853943,0.23470978438854218,0.6225416660308838,0.2329624891281128,0.6228139400482178,0.22831186652183533
34,1668981628.9795465,108800,0.37970981001853943,0.23470978438854218,0.623626172542572,0.2233346402645111,0.6228139400482178,0.22831186652183533
35,1668981637.560481,112000,0.37970981001853943,0.23470978438854218,0.623626172542572,0.2233346402645111,0.6246646046638489,0.22502927482128143
36,1668981649.47823,115200,0.37395769357681274,0.21424347162246704,0.623626172542572,0.2233346402645111,0.6246646046638489,0.22502927482128143
37,1668981657.9734495,118400,0.37395769357681274,0.21424347162246704,0.6279491186141968,0.21279381215572357,0.6246646046638489,0.22502927482128143
38,1668981667.3467155,121600,0.37395769357681274,0.21424347162246704,0.6279491186141968,0.21279381215572357,0.6285529732704163,0.21970468759536743
39,1668981675.1814969,124800,0.36954766511917114,0.21485356986522675,0.6279491186141968,0.21279381215572357,0.6285529732704163,0.21970468759536743
40,1668981684.3334906,128000,0.36954766511917114,0.21485356986522675,0.6337041854858398,0.193579763174057,0.6285529732704163,0.21970468759536743
41,1668981694.1237473,131200,0.36954766511917114,0.21485356986522675,0.6337041854858398,0.193579763174057,0.6343278884887695,0.20006366074085236
42,1668981701.4133682,134400,0.36572563648223877,0.21287885308265686,0.6337041854858398,0.193579763174057,0.6343278884887695,0.20006366074085236
43,1668981710.4510016,137600,0.36572563648223877,0.21287885308265686,0.6359999775886536,0.2165183126926422,0.6343278884887695,0.20006366074085236
44,1668981720.4884503,140800,0.36572563648223877,0.21287885308265686,0.6359999775886536,0.2165183126926422,0.6351428627967834,0.23043160140514374
45,1668981728.663421,144000,0.3658498525619507,0.23275350034236908,0.6359999775886536,0.2165183126926422,0.6351428627967834,0.23043160140514374
46,1668981739.0254476,147200,0.3658498525619507,0.23275350034236908,0.635851263999939,0.2257346659898758,0.6351428627967834,0.23043160140514374
47,1668981750.0798957,150400,0.3658498525619507,0.23275350034236908,0.635851263999939,0.2257346659898758,0.6338663101196289,0.23513546586036682
48,1668981754.357483,153600,0.3651849031448364,0.22042542695999146,0.635851263999939,0.2257346659898758,0.6338663101196289,0.23513546586036682
49,1668981765.360076,156800,0.3651849031448364,0.22042542695999146,0.6361159682273865,0.21752521395683289,0.6338663101196289,0.23513546586036682
50,1668981776.6024868,160000,0.3651849031448364,0.22042542695999146,0.6361159682273865,0.21752521395683289,0.6372449994087219,0.20695610344409943
51,1668981781.6155374,163200,0.3624143600463867,0.21292820572853088,0.6361159682273865,0.21752521395683289,0.6372449994087219,0.20695610344409943
52,1668981792.983127,166400,0.3624143600463867,0.21292820572853088,0.6386436223983765,0.20652443170547485,0.6372449994087219,0.20695610344409943
53,1668981805.6401553,169600,0.3624143600463867,0.21292820572853088,0.6386436223983765,0.20652443170547485,0.6394383311271667,0.21633446216583252
54,1668981808.0107057,172800,0.3605603873729706,0.21546627581119537,0.6386436223983765,0.20652443170547485,0.6394383311271667,0.21633446216583252
55,1668981819.5981038,176000,0.3605603873729706,0.21546627581119537,0.6427264213562012,0.19300666451454163,0.6394383311271667,0.21633446216583252
56,1668981832.3420703,179200,0.3605603873729706,0.21546627581119537,0.6427264213562012,0.19300666451454163,0.6444563865661621,0.19996371865272522
57,1668981833.8591404,182400,0.3554869294166565,0.1937839537858963,0.6427264213562012,0.19300666451454163,0.6444563865661621,0.19996371865272522
58,1668981845.681655,185600,0.3554869294166565,0.1937839537858963,0.6474082469940186,0.18250049650669098,0.6444563865661621,0.19996371865272522
59,1668981859.942776,188800,0.3554869294166565,0.1937839537858963,0.6474082469940186,0.18250049650669098,0.6489592790603638,0.2016809582710266
60,1668981860.8631094,192000,0.3518480062484741,0.19608981907367706,0.6474082469940186,0.18250049650669098,0.6489592790603638,0.2016809582710266
61,1668981874.4574876,195200,0.3518480062484741,0.19608981907367706,0.6496777534484863,0.20879290997982025,0.6489592790603638,0.2016809582710266
62,1668981886.3139756,198400,0.35107406973838806,0.2205885350704193,0.6496777534484863,0.20879290997982025,0.6489592790603638,0.2016809582710266
63,1668981888.865658,201600,0.35107406973838806,0.2205885350704193,0.6496777534484863,0.20879290997982025,0.6494603753089905,0.23042583465576172
64,1668981900.2828438,204800,0.35107406973838806,0.2205885350704193,0.6515226364135742,0.20976093411445618,0.6494603753089905,0.23042583465576172
65,1668981912.9699545,208000,0.3481189012527466,0.1978616714477539,0.6515226364135742,0.20976093411445618,0.6494603753089905,0.23042583465576172
66,1668981915.6515708,211200,0.3481189012527466,0.1978616714477539,0.6515226364135742,0.20976093411445618,0.6523792743682861,0.19118328392505646
67,1668981927.6713636,214400,0.3481189012527466,0.1978616714477539,0.6519904136657715,0.22118815779685974,0.6523792743682861,0.19118328392505646
68,1668981939.9161522,217600,0.3474397361278534,0.22584940493106842,0.6519904136657715,0.22118815779685974,0.6523792743682861,0.19118328392505646
69,1668981944.3236973,220800,0.3474397361278534,0.22584940493106842,0.6519904136657715,0.22118815779685974,0.652809739112854,0.23044279217720032
70,1668981954.974442,224000,0.3474397361278534,0.22584940493106842,0.6530378460884094,0.2181747853755951,0.652809739112854,0.23044279217720032
71,1668981965.299307,227200,0.3485880196094513,0.22892670333385468,0.6530378460884094,0.2181747853755951,0.652809739112854,0.23044279217720032
72,1668981971.816265,230400,0.3485880196094513,0.22892670333385468,0.6530378460884094,0.2181747853755951,0.6523694396018982,0.2246559113264084
73,1668981980.9294682,233600,0.3485880196094513,0.22892670333385468,0.6519830226898193,0.2294725775718689,0.6523694396018982,0.2246559113264084
74,1668981993.296379,236800,0.3488675653934479,0.2243236005306244,0.6519830226898193,0.2294725775718689,0.6523694396018982,0.2246559113264084
75,1668981998.4920704,240000,0.3488675653934479,0.2243236005306244,0.6519830226898193,0.2294725775718689,0.6517446637153625,0.2243625670671463
76,1668982009.53206,243200,0.3488675653934479,0.2243236005306244,0.6525477766990662,0.21631509065628052,0.6517446637153625,0.2243625670671463
77,1668982018.7496824,246400,0.348016619682312,0.21386957168579102,0.6525477766990662,0.21631509065628052,0.6517446637153625,0.2243625670671463
78,1668982027.4048557,249600,0.348016619682312,0.21386957168579102,0.6525477766990662,0.21631509065628052,0.6526516675949097,0.21445001661777496
79,1668982035.5951235,252800,0.348016619682312,0.21386957168579102,0.6533462405204773,0.20903927087783813,0.6526516675949097,0.21445001661777496
80,1668982045.01939,256000,0.34683990478515625,0.2093779593706131,0.6533462405204773,0.20903927087783813,0.6526516675949097,0.21445001661777496
81,1668982054.3077993,259200,0.34683990478515625,0.2093779593706131,0.6533462405204773,0.20903927087783813,0.6534955501556396,0.21082156896591187
82,1668982062.358411,262400,0.34683990478515625,0.2093779593706131,0.6539297103881836,0.20997175574302673,0.6534955501556396,0.21082156896591187
83,1668982072.3033943,265600,0.346797913312912,0.21778768301010132,0.6539297103881836,0.20997175574302673,0.6534955501556396,0.21082156896591187
84,1668982082.3558297,268800,0.346797913312912,0.21778768301010132,0.6539297103881836,0.20997175574302673,0.6544238328933716,0.20794329047203064
85,1668982090.5824668,272000,0.346797913312912,0.21778768301010132,0.6543189883232117,0.20106765627861023,0.6544238328933716,0.20794329047203064
86,1668982097.486689,275200,0.34570133686065674,0.20885485410690308,0.6543189883232117,0.20106765627861023,0.6544238328933716,0.20794329047203064
87,1668982110.6536667,278400,0.34570133686065674,0.20885485410690308,0.6543189883232117,0.20106765627861023,0.6535025835037231,0.2269705981016159
88,1668982116.871216,281600,0.34570133686065674,0.20885485410690308,0.6547797322273254,0.21219423413276672,0.6535025835037231,0.2269705981016159
89,1668982126.2584784,284800,0.34525352716445923,0.21571552753448486,0.6547797322273254,0.21219423413276672,0.6535025835037231,0.2269705981016159
90,1668982137.7668583,288000,0.34525352716445923,0.21571552753448486,0.6547797322273254,0.21219423413276672,0.6536075472831726,0.22800369560718536
91,1668982145.121797,291200,0.34525352716445923,0.21571552753448486,0.6530410051345825,0.2290271818637848,0.6536075472831726,0.22800369560718536
92,1668982151.443276,294400,0.34785717725753784,0.2422482669353485,0.6530410051345825,0.2290271818637848,0.6536075472831726,0.22800369560718536
93,1668982166.2061915,297600,0.34785717725753784,0.2422482669353485,0.6530410051345825,0.2290271818637848,0.6514987945556641,0.23803739249706268
94,1668982171.4407158,300800,0.34785717725753784,0.2422482669353485,0.6511174440383911,0.22698259353637695,0.6514987945556641,0.23803739249706268
95,1668982177.1981254,304000,0.35082778334617615,0.23684363067150116,0.6511174440383911,0.22698259353637695,0.6514987945556641,0.23803739249706268
96,1668982194.101514,307200,0.35082778334617615,0.23684363067150116,0.6511174440383911,0.22698259353637695,0.6485873460769653,0.2437731921672821
97,1668982198.2563624,310400,0.35082778334617615,0.23684363067150116,0.648193359375,0.2333787977695465,0.6485873460769653,0.2437731921672821
98,1668982204.9652948,313600,0.35250625014305115,0.22433041036128998,0.648193359375,0.2333787977695465,0.6485873460769653,0.2437731921672821
99,1668982221.1298943,316800,0.35250625014305115,0.22433041036128998,0.648193359375,0.2333787977695465,0.6478250026702881,0.22544322907924652
100,1668982226.762485,320000,0.35250625014305115,0.22433041036128998,0.647718071937561,0.21997913718223572,0.6478250026702881,0.22544322907924652
101,1668982230.9781168,323200,0.35242199897766113,0.21260929107666016,0.647718071937561,0.21997913718223572,0.6478250026702881,0.22544322907924652
102,1668982250.5611444,326400,0.35242199897766113,0.21260929107666016,0.647718071937561,0.21997913718223572,0.6488248109817505,0.20963452756404877
103,1668982253.596519,329600,0.35242199897766113,0.21260929107666016,0.648219108581543,0.2088865339756012,0.6488248109817505,0.20963452756404877
104,1668982258.270386,332800,0.3526667654514313,0.2211984097957611,0.648219108581543,0.2088865339756012,0.6488248109817505,0.20963452756404877
105,1668982277.225906,336000,0.3526667654514313,0.2211984097957611,0.648219108581543,0.2088865339756012,0.6474298238754272,0.24159780144691467
106,1668982281.4608786,339200,0.3526667654514313,0.2211984097957611,0.6474376916885376,0.22591392695903778,0.6474298238754272,0.24159780144691467
107,1668982284.3532608,342400,0.3531497120857239,0.21505030989646912,0.6474376916885376,0.22591392695903778,0.6474298238754272,0.24159780144691467
108,1668982305.3643444,345600,0.3531497120857239,0.21505030989646912,0.6474376916885376,0.22591392695903778,0.646939754486084,0.22766315937042236
109,1668982308.5129502,348800,0.3531497120857239,0.21505030989646912,0.6472131609916687,0.21243421733379364,0.646939754486084,0.22766315937042236
110,1668982309.8618078,352000,0.35356390476226807,0.21387581527233124,0.6472131609916687,0.21243421733379364,0.646939754486084,0.22766315937042236
111,1668982333.67569,355200,0.35356390476226807,0.21387581527233124,0.6472131609916687,0.21243421733379364,0.6456483006477356,0.23252207040786743
112,1668982334.3690047,358400,0.35356390476226807,0.21387581527233124,0.6457883715629578,0.22877931594848633,0.6456483006477356,0.23252207040786743
113,1668982338.0724475,361600,0.354412704706192,0.21563522517681122,0.6457883715629578,0.22877931594848633,0.6456483006477356,0.23252207040786743
114,1668982360.1164935,364800,0.354412704706192,0.21563522517681122,0.6457883715629578,0.22877931594848633,0.6450366377830505,0.22473126649856567
115,1668982363.1113236,368000,0.354412704706192,0.21563522517681122,0.6452279686927795,0.22373031079769135,0.6450366377830505,0.22473126649856567
116,1668982363.6328268,371200,0.355243980884552,0.21790118515491486,0.6452279686927795,0.22373031079769135,0.6450366377830505,0.22473126649856567
117,1668982389.390937,374400,0.355243980884552,0.21790118515491486,0.6441192030906677,0.22760260105133057,0.6450366377830505,0.22473126649856567
118,1668982390.102886,377600,0.355243980884552,0.21790118515491486,0.6441192030906677,0.22760260105133057,0.643815279006958,0.23746272921562195
119,1668982391.242773,380800,0.35670581459999084,0.22175201773643494,0.6441192030906677,0.22760260105133057,0.643815279006958,0.23746272921562195
120,1668982416.1846483,384000,0.3586761951446533,0.228047713637352,0.6441192030906677,0.22760260105133057,0.643815279006958,0.23746272921562195
121,1668982416.418052,387200,0.3586761951446533,0.228047713637352,0.6441192030906677,0.22760260105133057,0.6413275003433228,0.2432870715856552
122,1668982417.9829073,390400,0.3586761951446533,0.228047713637352,0.6415503025054932,0.23569364845752716,0.6413275003433228,0.2432870715856552
123,1668982441.98644,393600,0.3605421781539917,0.24550525844097137,0.6415503025054932,0.23569364845752716,0.6413275003433228,0.2432870715856552
124,1668982444.1049838,396800,0.3605421781539917,0.24550525844097137,0.6397603154182434,0.2271563559770584,0.6413275003433228,0.2432870715856552
125,1668982445.1914873,400000,0.3605421781539917,0.24550525844097137,0.6397603154182434,0.2271563559770584,0.639503002166748,0.23407001793384552
126,1668982468.9921315,403200,0.3626415729522705,0.2298470288515091,0.6397603154182434,0.2271563559770584,0.639503002166748,0.23407001793384552
127,1668982471.0877419,406400,0.3626415729522705,0.2298470288515091,0.6380008459091187,0.2305699735879898,0.639503002166748,0.23407001793384552
128,1668982472.8983598,409600,0.3626415729522705,0.2298470288515091,0.6380008459091187,0.2305699735879898,0.6375042796134949,0.23614223301410675
129,1668982495.226768,412800,0.36549732089042664,0.24647876620292664,0.6380008459091187,0.2305699735879898,0.6375042796134949,0.23614223301410675
130,1668982499.3701272,416000,0.36549732089042664,0.24647876620292664,0.6346206068992615,0.2401861548423767,0.6375042796134949,0.23614223301410675
131,1668982499.9127614,419200,0.36549732089042664,0.24647876620292664,0.6346206068992615,0.2401861548423767,0.6340181827545166,0.24380150437355042
132,1668982522.4950542,422400,0.3677653968334198,0.23387765884399414,0.6346206068992615,0.2401861548423767,0.6340181827545166,0.24380150437355042
133,1668982525.7573867,425600,0.3677653968334198,0.23387765884399414,0.6325198411941528,0.2349769026041031,0.6340181827545166,0.24380150437355042
134,1668982528.926781,428800,0.3677653968334198,0.23387765884399414,0.6325198411941528,0.2349769026041031,0.6322137713432312,0.23645088076591492
135,1668982548.1764226,432000,0.3678486943244934,0.20985427498817444,0.6325198411941528,0.2349769026041031,0.6322137713432312,0.23645088076591492
136,1668982553.6488912,435200,0.3678486943244934,0.20985427498817444,0.631682813167572,0.2209872305393219,0.6322137713432312,0.23645088076591492
137,1668982555.7352662,438400,0.3678486943244934,0.20985427498817444,0.631682813167572,0.2209872305393219,0.6312040686607361,0.22151470184326172
138,1668982574.734348,441600,0.3696466386318207,0.22319018840789795,0.631682813167572,0.2209872305393219,0.6312040686607361,0.22151470184326172
139,1668982580.643504,444800,0.3696466386318207,0.22319018840789795,0.6300240159034729,0.23476088047027588,0.6312040686607361,0.22151470184326172
140,1668982583.9317434,448000,0.3696466386318207,0.22319018840789795,0.6300240159034729,0.23476088047027588,0.6292685270309448,0.2369811087846756
141,1668982601.206045,451200,0.3722211420536041,0.20969463884830475,0.6300240159034729,0.23476088047027588,0.6292685270309448,0.2369811087846756
142,1668982607.9627273,454400,0.3722211420536041,0.20969463884830475,0.627790629863739,0.22637127339839935,0.6292685270309448,0.2369811087846756
143,1668982612.168732,457600,0.3722211420536041,0.20969463884830475,0.627790629863739,0.22637127339839935,0.6274374723434448,0.23287256062030792
144,1668982628.0923493,460800,0.37402117252349854,0.20837587118148804,0.627790629863739,0.22637127339839935,0.6274374723434448,0.23287256062030792
145,1668982635.998305,464000,0.37402117252349854,0.20837587118148804,0.625656247138977,0.23553314805030823,0.6274374723434448,0.23287256062030792
146,1668982640.439326,467200,0.37402117252349854,0.20837587118148804,0.625656247138977,0.23553314805030823,0.6250407695770264,0.24068868160247803
147,1668982654.4325159,470400,0.3761890232563019,0.21435315907001495,0.625656247138977,0.23553314805030823,0.6250407695770264,0.24068868160247803
148,1668982661.8683596,473600,0.3761890232563019,0.21435315907001495,0.6236603260040283,0.22975710034370422,0.6250407695770264,0.24068868160247803
149,1668982668.3515182,476800,0.3761890232563019,0.21435315907001495,0.6236603260040283,0.22975710034370422,0.622917652130127,0.233133926987648
150,1668982680.4321585,480000,0.3779011070728302,0.20876365900039673,0.6236603260040283,0.22975710034370422,0.622917652130127,0.233133926987648
151,1668982690.0650914,483200,0.3779011070728302,0.20876365900039673,0.621802806854248,0.22704321146011353,0.622917652130127,0.233133926987648
152,1668982695.3567173,486400,0.3779011070728302,0.20876365900039673,0.621802806854248,0.22704321146011353,0.6213234663009644,0.23396837711334229
153,1668982706.8550134,489600,0.3797946870326996,0.2065514326095581,0.621802806854248,0.22704321146011353,0.6213234663009644,0.23396837711334229
154,1668982717.4714885,492800,0.3797946870326996,0.2065514326095581,0.6195013523101807,0.2307989001274109,0.6213234663009644,0.23396837711334229
155,1668982722.983823,496000,0.3797946870326996,0.2065514326095581,0.6195013523101807,0.2307989001274109,0.6185007691383362,0.23645569384098053
156,1668982733.3013816,499200,0.38193947076797485,0.20730239152908325,0.6195013523101807,0.2307989001274109,0.6185007691383362,0.23645569384098053
157,1668982745.1253617,502400,0.38193947076797485,0.20730239152908325,0.6178755164146423,0.23492704331874847,0.6185007691383362,0.23645569384098053
158,1668982751.4149928,505600,0.38193947076797485,0.20730239152908325,0.6178755164146423,0.23492704331874847,0.6171172857284546,0.23858749866485596
159,1668982759.802719,508800,0.3841630816459656,0.217607319355011,0.6178755164146423,0.23492704331874847,0.6171172857284546,0.23858749866485596
160,1668982772.7897706,512000,0.3841630816459656,0.217607319355011,0.6147059798240662,0.24093294143676758,0.6171172857284546,0.23858749866485596
161,1668982779.7928362,515200,0.3841630816459656,0.217607319355011,0.6147059798240662,0.24093294143676758,0.6135707497596741,0.250103622674942
162,1668982786.6037087,518400,0.38718146085739136,0.20656579732894897,0.6147059798240662,0.24093294143676758,0.6135707497596741,0.250103622674942
163,1668982799.3068461,521600,0.38718146085739136,0.20656579732894897,0.6112900376319885,0.23161014914512634,0.6135707497596741,0.250103622674942
164,1668982808.2855704,524800,0.38718146085739136,0.20656579732894897,0.6112900376319885,0.23161014914512634,0.610571563243866,0.23597803711891174
165,1668982813.4263546,528000,0.3901772201061249,0.23908454179763794,0.6112900376319885,0.23161014914512634,0.610571563243866,0.23597803711891174
166,1668982827.3715255,531200,0.3901772201061249,0.23908454179763794,0.6083354949951172,0.23267410695552826,0.610571563243866,0.23597803711891174
167,1668982835.0728133,534400,0.3901772201061249,0.23908454179763794,0.6083354949951172,0.23267410695552826,0.6072307825088501,0.235945925116539
168,1668982839.2440236,537600,0.393376886844635,0.22728921473026276,0.6083354949951172,0.23267410695552826,0.6072307825088501,0.235945925116539
169,1668982854.802823,540800,0.393376886844635,0.22728921473026276,0.6050034761428833,0.23362664878368378,0.6072307825088501,0.235945925116539
170,1668982862.889728,544000,0.393376886844635,0.22728921473026276,0.6050034761428833,0.23362664878368378,0.6036187410354614,0.23103922605514526
171,1668982865.0357018,547200,0.3970133662223816,0.23582258820533752,0.6050034761428833,0.23362664878368378,0.6036187410354614,0.23103922605514526
172,1668982882.929927,550400,0.3970133662223816,0.23582258820533752,0.6019819378852844,0.23020192980766296,0.6036187410354614,0.23103922605514526
173,1668982891.6659386,553600,0.3970133662223816,0.23582258820533752,0.6019819378852844,0.23020192980766296,0.6010550856590271,0.23757964372634888
174,1668982891.8752193,556800,0.39937636256217957,0.22546645998954773,0.6019819378852844,0.23020192980766296,0.6010550856590271,0.23757964372634888
175,1668982909.858714,560000,0.39937636256217957,0.22546645998954773,0.5994333028793335,0.22985412180423737,0.6010550856590271,0.23757964372634888
176,1668982917.8270116,563200,0.40195193886756897,0.22379828989505768,0.5994333028793335,0.22985412180423737,0.6010550856590271,0.23757964372634888
177,1668982920.1519024,566400,0.40195193886756897,0.22379828989505768,0.5994333028793335,0.22985412180423737,0.5980519652366638,0.233133926987648
178,1668982936.8563955,569600,0.40195193886756897,0.22379828989505768,0.5970929861068726,0.22547048330307007,0.5980519652366638,0.233133926987648
179,1668982944.9226058,572800,0.40427881479263306,0.2018970549106598,0.5970929861068726,0.22547048330307007,0.5980519652366638,0.233133926987648
180,1668982947.909787,576000,0.40427881479263306,0.2018970549106598,0.5970929861068726,0.22547048330307007,0.5962555408477783,0.24112872779369354
181,1668982964.4907088,579200,0.40427881479263306,0.2018970549106598,0.5951977372169495,0.22627481818199158,0.5962555408477783,0.24112872779369354
182,1668982971.118182,582400,0.4059012532234192,0.20771417021751404,0.5951977372169495,0.22627481818199158,0.5962555408477783,0.24112872779369354
183,1668982975.468756,585600,0.4059012532234192,0.20771417021751404,0.5951977372169495,0.22627481818199158,0.5945500731468201,0.23501892387866974
184,1668982992.8724022,588800,0.4059012532234192,0.20771417021751404,0.593435525894165,0.2259959727525711,0.5945500731468201,0.23501892387866974
185,1668982996.6735911,592000,0.4079926013946533,0.20895175635814667,0.593435525894165,0.2259959727525711,0.5945500731468201,0.23501892387866974
186,1668983003.8187487,595200,0.4079926013946533,0.20895175635814667,0.593435525894165,0.2259959727525711,0.5918012857437134,0.23502016067504883
187,1668983020.319468,598400,0.4079926013946533,0.20895175635814667,0.5900008082389832,0.2259516716003418,0.5918012857437134,0.23502016067504883
188,1668983024.583551,601600,0.41118326783180237,0.19324083626270294,0.5900008082389832,0.2259516716003418,0.5918012857437134,0.23502016067504883
189,1668983032.159629,604800,0.41118326783180237,0.19324083626270294,0.5900008082389832,0.2259516716003418,0.5885902047157288,0.23219022154808044
190,1668983047.4252794,608000,0.41118326783180237,0.19324083626270294,0.5873138904571533,0.22882036864757538,0.5885902047157288,0.23219022154808044
191,1668983049.7512684,611200,0.41360193490982056,0.21600466966629028,0.5873138904571533,0.22882036864757538,0.5885902047157288,0.23219022154808044
192,1668983059.532512,614400,0.41360193490982056,0.21600466966629028,0.5873138904571533,0.22882036864757538,0.5858457088470459,0.2331998497247696
193,1668983074.8575208,617600,0.41360193490982056,0.21600466966629028,0.5855292081832886,0.22543513774871826,0.5858457088470459,0.2331998497247696
194,1668983077.1689472,620800,0.41530078649520874,0.2180284708738327,0.5855292081832886,0.22543513774871826,0.5858457088470459,0.2331998497247696
195,1668983087.9477532,624000,0.41530078649520874,0.2180284708738327,0.5855292081832886,0.22543513774871826,0.5841944217681885,0.2377442568540573
196,1668983102.3766732,627200,0.41530078649520874,0.2180284708738327,0.5833649635314941,0.22498735785484314,0.5841944217681885,0.2377442568540573
197,1668983103.2195017,630400,0.417465478181839,0.1890030801296234,0.5833649635314941,0.22498735785484314,0.5841944217681885,0.2377442568540573
198,1668983115.9244642,633600,0.417465478181839,0.1890030801296234,0.5833649635314941,0.22498735785484314,0.5823739171028137,0.23246167600154877
199,1668983128.2778318,636800,0.4192143380641937,0.21020765602588654,0.5833649635314941,0.22498735785484314,0.5823739171028137,0.23246167600154877
200,1668983131.08582,640000,0.4192143380641937,0.21020765602588654,0.5816028714179993,0.23523713648319244,0.5823739171028137,0.23246167600154877
201,1668983144.3810437,643200,0.4192143380641937,0.21020765602588654,0.5816028714179993,0.23523713648319244,0.5802094340324402,0.2296503633260727
202,1668983156.594438,646400,0.4209178686141968,0.2048458606004715,0.5816028714179993,0.23523713648319244,0.5802094340324402,0.2296503633260727
203,1668983157.4172592,649600,0.4209178686141968,0.2048458606004715,0.5798884034156799,0.2244267612695694,0.5802094340324402,0.2296503633260727
204,1668983172.567833,652800,0.4209178686141968,0.2048458606004715,0.5798884034156799,0.2244267612695694,0.5782030820846558,0.22721999883651733
205,1668983181.5931249,656000,0.42308056354522705,0.19159597158432007,0.5798884034156799,0.2244267612695694,0.5782030820846558,0.22721999883651733
206,1668983184.5644958,659200,0.42308056354522705,0.19159597158432007,0.5774587988853455,0.2169598639011383,0.5782030820846558,0.22721999883651733
207,1668983199.242087,662400,0.42308056354522705,0.19159597158432007,0.5774587988853455,0.2169598639011383,0.5762683153152466,0.22636474668979645
208,1668983209.3479698,665600,0.4248611330986023,0.19974839687347412,0.5774587988853455,0.2169598639011383,0.5762683153152466,0.22636474668979645
209,1668983212.6336694,668800,0.4248611330986023,0.19974839687347412,0.5758876800537109,0.2229340523481369,0.5762683153152466,0.22636474668979645
210,1668983228.2558832,672000,0.4248611330986023,0.19974839687347412,0.5758876800537109,0.2229340523481369,0.5747264623641968,0.22718411684036255
211,1668983235.3038402,675200,0.4261758327484131,0.18238495290279388,0.5758876800537109,0.2229340523481369,0.5747264623641968,0.22718411684036255
212,1668983240.6132588,678400,0.4261758327484131,0.18238495290279388,0.5742249488830566,0.22597195208072662,0.5747264623641968,0.22718411684036255
213,1668983255.4228191,681600,0.4261758327484131,0.18238495290279388,0.5742249488830566,0.22597195208072662,0.5718870162963867,0.23295414447784424
214,1668983260.6434755,684800,0.428954541683197,0.1814434677362442,0.5742249488830566,0.22597195208072662,0.5718870162963867,0.23295414447784424
215,1668983268.7170038,688000,0.428954541683197,0.1814434677362442,0.5713254809379578,0.20780827105045319,0.5718870162963867,0.23295414447784424
216,1668983284.0497746,691200,0.428954541683197,0.1814434677362442,0.5713254809379578,0.20780827105045319,0.5692936778068542,0.22688674926757812
217,1668983288.335706,694400,0.4317457675933838,0.19274930655956268,0.5713254809379578,0.20780827105045319,0.5692936778068542,0.22688674926757812
218,1668983295.2251787,697600,0.4317457675933838,0.19274930655956268,0.5686014294624329,0.2158765196800232,0.5692936778068542,0.22688674926757812
219,1668983311.952751,700800,0.4317457675933838,0.19274930655956268,0.5686014294624329,0.2158765196800232,0.5667880177497864,0.22479432821273804
220,1668983313.9074903,704000,0.433870404958725,0.19153790175914764,0.5686014294624329,0.2158765196800232,0.5667880177497864,0.22479432821273804
221,1668983322.6737812,707200,0.433870404958725,0.19153790175914764,0.566094160079956,0.22567130625247955,0.5667880177497864,0.22479432821273804
222,1668983339.9001527,710400,0.433870404958725,0.19153790175914764,0.566094160079956,0.22567130625247955,0.5642967224121094,0.22490766644477844
223,1668983341.082946,713600,0.43641477823257446,0.1836332082748413,0.566094160079956,0.22567130625247955,0.5642967224121094,0.22490766644477844
224,1668983351.342753,716800,0.43641477823257446,0.1836332082748413,0.5636537671089172,0.21794219315052032,0.5642967224121094,0.22490766644477844
225,1668983366.7175612,720000,0.4379061758518219,0.18722690641880035,0.5636537671089172,0.21794219315052032,0.5642967224121094,0.22490766644477844
226,1668983368.733434,723200,0.4379061758518219,0.18722690641880035,0.5636537671089172,0.21794219315052032,0.5626105070114136,0.22603707015514374
227,1668983377.8638222,726400,0.4379061758518219,0.18722690641880035,0.562037467956543,0.22098548710346222,0.5626105070114136,0.22603707015514374
228,1668983393.0747917,729600,0.4397963881492615,0.18468691408634186,0.562037467956543,0.22098548710346222,0.5626105070114136,0.22603707015514374
229,1668983395.84422,732800,0.4397963881492615,0.18468691408634186,0.562037467956543,0.22098548710346222,0.5604957342147827,0.22329002618789673
230,1668983406.9349113,736000,0.4397963881492615,0.18468691408634186,0.560101330280304,0.22115544974803925,0.5604957342147827,0.22329002618789673
231,1668983419.876565,739200,0.44116586446762085,0.1988094300031662,0.560101330280304,0.22115544974803925,0.5604957342147827,0.22329002618789673
232,1668983424.3852806,742400,0.44116586446762085,0.1988094300031662,0.560101330280304,0.22115544974803925,0.5590391755104065,0.2289714813232422
233,1668983433.2234225,745600,0.44116586446762085,0.1988094300031662,0.5590429902076721,0.23534385859966278,0.5590391755104065,0.2289714813232422
234,1668983445.8494256,748800,0.44274455308914185,0.1871093362569809,0.5590429902076721,0.23534385859966278,0.5590391755104065,0.2289714813232422
235,1668983452.166087,752000,0.44274455308914185,0.1871093362569809,0.5590429902076721,0.23534385859966278,0.5575509071350098,0.22263313829898834
236,1668983460.4639237,755200,0.44274455308914185,0.1871093362569809,0.5576320886611938,0.22227329015731812,0.5575509071350098,0.22263313829898834
237,1668983473.0618067,758400,0.44377726316452026,0.1983119547367096,0.5576320886611938,0.22227329015731812,0.5575509071350098,0.22263313829898834
238,1668983479.225812,761600,0.44377726316452026,0.1983119547367096,0.5576320886611938,0.22227329015731812,0.5566592216491699,0.2224266678094864
239,1668983489.2478242,764800,0.44377726316452026,0.1983119547367096,0.5566802024841309,0.23015794157981873,0.5566592216491699,0.2224266678094864
240,1668983498.7113347,768000,0.44491803646087646,0.22731910645961761,0.5566802024841309,0.23015794157981873,0.5566592216491699,0.2224266678094864
241,1668983508.9411225,771200,0.44491803646087646,0.22731910645961761,0.5566802024841309,0.23015794157981873,0.5548191070556641,0.24342529475688934
242,1668983515.3368042,774400,0.44491803646087646,0.22731910645961761,0.5547962784767151,0.22813038527965546,0.5548191070556641,0.24342529475688934
243,1668983524.9577832,777600,0.44700536131858826,0.17855709791183472,0.5547962784767151,0.22813038527965546,0.5548191070556641,0.24342529475688934
244,1668983535.5496113,780800,0.44700536131858826,0.17855709791183472,0.5547962784767151,0.22813038527965546,0.552733838558197,0.22146408259868622
245,1668983544.4171767,784000,0.44700536131858826,0.17855709791183472,0.5528391599655151,0.21921442449092865,0.552733838558197,0.22146408259868622
246,1668983552.097756,787200,0.4488750696182251,0.1954372376203537,0.5528391599655151,0.21921442449092865,0.552733838558197,0.22146408259868622
247,1668983564.5814836,790400,0.4488750696182251,0.1954372376203537,0.5528391599655151,0.21921442449092865,0.5512288808822632,0.2315056174993515
248,1668983571.1397989,793600,0.4488750696182251,0.1954372376203537,0.5512941479682922,0.2201208919286728,0.5512288808822632,0.2315056174993515
249,1668983578.8000548,796800,0.449935644865036,0.21598030626773834,0.5512941479682922,0.2201208919286728,0.5512288808822632,0.2315056174993515
250,1668983592.7193282,800000,0.449935644865036,0.21598030626773834,0.5512941479682922,0.2201208919286728,0.5495642423629761,0.21545463800430298
251,1668983599.7189355,803200,0.449935644865036,0.21598030626773834,0.5496754050254822,0.20802593231201172,0.5495642423629761,0.21545463800430298
252,1668983605.0258348,806400,0.45174601674079895,0.21019531786441803,0.5496754050254822,0.20802593231201172,0.5495642423629761,0.21545463800430298
253,1668983619.2191782,809600,0.45174601674079895,0.21019531786441803,0.5496754050254822,0.20802593231201172,0.548154354095459,0.22062565386295319
254,1668983626.726507,812800,0.45174601674079895,0.21019531786441803,0.5482707023620605,0.21606329083442688,0.548154354095459,0.22062565386295319
255,1668983630.6728644,816000,0.45293620228767395,0.20451758801937103,0.5482707023620605,0.21606329083442688,0.548154354095459,0.22062565386295319
256,1668983648.4657748,819200,0.45293620228767395,0.20451758801937103,0.5482707023620605,0.21606329083442688,0.5471559166908264,0.21239061653614044
257,1668983653.3788424,822400,0.45293620228767395,0.20451758801937103,0.5472874641418457,0.20879264175891876,0.5471559166908264,0.21239061653614044
258,1668983657.32456,825600,0.45384588837623596,0.19340024888515472,0.5472874641418457,0.20879264175891876,0.5471559166908264,0.21239061653614044
259,1668983675.8610408,828800,0.45384588837623596,0.19340024888515472,0.5472874641418457,0.20879264175891876,0.5457541346549988,0.21683567762374878
260,1668983681.8148773,832000,0.45384588837623596,0.19340024888515472,0.5457352995872498,0.20539413392543793,0.5457541346549988,0.21683567762374878
261,1668983683.9804296,835200,0.4553944766521454,0.18392522633075714,0.5457352995872498,0.20539413392543793,0.5457541346549988,0.21683567762374878
262,1668983703.6698704,838400,0.4553944766521454,0.18392522633075714,0.5457352995872498,0.20539413392543793,0.5446407198905945,0.226455420255661
263,1668983708.3234277,841600,0.4553944766521454,0.18392522633075714,0.5446786880493164,0.2229398787021637,0.5446407198905945,0.226455420255661
264,1668983711.3025405,844800,0.45647498965263367,0.19454525411128998,0.5446786880493164,0.2229398787021637,0.5446407198905945,0.226455420255661
265,1668983732.7757907,848000,0.45647498965263367,0.19454525411128998,0.5446786880493164,0.2229398787021637,0.5435459017753601,0.21513618528842926
266,1668983737.033721,851200,0.45718032121658325,0.18305431306362152,0.5446786880493164,0.2229398787021637,0.5435459017753601,0.21513618528842926
267,1668983737.5224674,854400,0.45718032121658325,0.18305431306362152,0.543670117855072,0.21204334497451782,0.5435459017753601,0.21513618528842926
268,1668983759.7964022,857600,0.45718032121658325,0.18305431306362152,0.543670117855072,0.21204334497451782,0.5422266721725464,0.21089282631874084
269,1668983762.276445,860800,0.4584471881389618,0.17551565170288086,0.543670117855072,0.21204334497451782,0.5422266721725464,0.21089282631874084
270,1668983764.193175,864000,0.4584471881389618,0.17551565170288086,0.5425128936767578,0.20403383672237396,0.5422266721725464,0.21089282631874084
271,1668983788.0717506,867200,0.4584471881389618,0.17551565170288086,0.5425128936767578,0.20403383672237396,0.5412085652351379,0.2326294183731079
272,1668983789.9659598,870400,0.4592075049877167,0.19367551803588867,0.5425128936767578,0.20403383672237396,0.5412085652351379,0.2326294183731079
273,1668983791.4954119,873600,0.4592075049877167,0.19367551803588867,0.541619598865509,0.23085103929042816,0.5412085652351379,0.2326294183731079
274,1668983815.1377823,876800,0.4605999290943146,0.19518497586250305,0.541619598865509,0.23085103929042816,0.5412085652351379,0.2326294183731079
275,1668983816.207005,880000,0.4605999290943146,0.19518497586250305,0.541619598865509,0.23085103929042816,0.5398359298706055,0.21691447496414185
276,1668983819.9448402,883200,0.4605999290943146,0.19518497586250305,0.5400535464286804,0.2076452225446701,0.5398359298706055,0.21691447496414185
277,1668983842.7083642,886400,0.4621218144893646,0.17624744772911072,0.5400535464286804,0.2076452225446701,0.5398359298706055,0.21691447496414185
278,1668983844.0818193,889600,0.4621218144893646,0.17624744772911072,0.5400535464286804,0.2076452225446701,0.5383505821228027,0.21146219968795776
279,1668983846.480688,892800,0.4621218144893646,0.17624744772911072,0.538691520690918,0.19710935652256012,0.5383505821228027,0.21146219968795776
280,1668983868.2074356,896000,0.46331027150154114,0.16976068913936615,0.538691520690918,0.19710935652256012,0.5383505821228027,0.21146219968795776
281,1668983873.3915746,899200,0.46331027150154114,0.16976068913936615,0.538691520690918,0.19710935652256012,0.5370026230812073,0.21226391196250916
282,1668983874.8277524,902400,0.46331027150154114,0.16976068913936615,0.5373207330703735,0.21119838953018188,0.5370026230812073,0.21226391196250916
283,1668983893.67651,905600,0.4642951786518097,0.19428220391273499,0.5373207330703735,0.21119838953018188,0.5370026230812073,0.21226391196250916
284,1668983900.3083177,908800,0.4642951786518097,0.19428220391273499,0.5373207330703735,0.21119838953018188,0.5359300374984741,0.24233543872833252
285,1668983902.3093545,912000,0.4642951786518097,0.19428220391273499,0.5363048911094666,0.2352731078863144,0.5359300374984741,0.24233543872833252
286,1668983921.3943927,915200,0.4653584957122803,0.20491653680801392,0.5363048911094666,0.2352731078863144,0.5359300374984741,0.24233543872833252
287,1668983927.8567255,918400,0.4653584957122803,0.20491653680801392,0.5363048911094666,0.2352731078863144,0.5349856019020081,0.24380441009998322
288,1668983929.3147235,921600,0.4653584957122803,0.20491653680801392,0.5352379083633423,0.23560403287410736,0.5349856019020081,0.24380441009998322
289,1668983947.2904174,924800,0.4663534462451935,0.1880882978439331,0.5352379083633423,0.23560403287410736,0.5349856019020081,0.24380441009998322
290,1668983956.7511868,928000,0.4663534462451935,0.1880882978439331,0.5352379083633423,0.23560403287410736,0.5337995290756226,0.21235136687755585
291,1668983957.1664886,931200,0.4663534462451935,0.1880882978439331,0.5343201756477356,0.2064775973558426,0.5337995290756226,0.21235136687755585
292,1668983974.7684886,934400,0.4710415303707123,0.17709481716156006,0.5343201756477356,0.2064775973558426,0.5337995290756226,0.21235136687755585
293,1668983984.6311345,937600,0.4710415303707123,0.17709481716156006,0.5326785445213318,0.20441478490829468,0.5337995290756226,0.21235136687755585
294,1668983984.700659,940800,0.4710415303707123,0.17709481716156006,0.5326785445213318,0.20441478490829468,0.5322645902633667,0.20937448740005493
295,1668983999.9155269,944000,0.4735219180583954,0.18617869913578033,0.5326785445213318,0.20441478490829468,0.5322645902633667,0.20937448740005493
296,1668984011.2606606,947200,0.4735219180583954,0.18617869913578033,0.5312895178794861,0.2238672822713852,0.5322645902633667,0.20937448740005493
297,1668984013.6529405,950400,0.4735219180583954,0.18617869913578033,0.5312895178794861,0.2238672822713852,0.5307933688163757,0.22284090518951416
298,1668984025.9405048,953600,0.47558799386024475,0.19564464688301086,0.5312895178794861,0.2238672822713852,0.5307933688163757,0.22284090518951416
299,1668984040.192845,956800,0.47558799386024475,0.19564464688301086,0.5312895178794861,0.2238672822713852,0.5296457409858704,0.22218944132328033
300,1668984040.379484,960000,0.47558799386024475,0.19564464688301086,0.5302042365074158,0.21076983213424683,0.5296457409858704,0.22218944132328033
301,1668984053.2278,963200,0.4763517677783966,0.17412933707237244,0.5302042365074158,0.21076983213424683,0.5296457409858704,0.22218944132328033
302,1668984067.0064335,966400,0.4763517677783966,0.17412933707237244,0.525833249092102,0.2066188007593155,0.5296457409858704,0.22218944132328033
303,1668984068.5497866,969600,0.4763517677783966,0.17412933707237244,0.525833249092102,0.2066188007593155,0.5288293361663818,0.21783290803432465
304,1668984079.5713153,972800,0.4772973358631134,0.17564581334590912,0.525833249092102,0.2066188007593155,0.5288293361663818,0.21783290803432465
305,1668984093.9518578,976000,0.4772973358631134,0.17564581334590912,0.5235772132873535,0.20923763513565063,0.5288293361663818,0.21783290803432465
306,1668984097.5633998,979200,0.4772973358631134,0.17564581334590912,0.5235772132873535,0.20923763513565063,0.5275886654853821,0.22049114108085632
307,1668984106.8227959,982400,0.4789152145385742,0.17662806808948517,0.5235772132873535,0.20923763513565063,0.5275886654853821,0.22049114108085632
308,1668984122.8867784,985600,0.4789152145385742,0.17662806808948517,0.5217151045799255,0.19595330953598022,0.5275886654853821,0.22049114108085632
309,1668984125.2563713,988800,0.4789152145385742,0.17662806808948517,0.5217151045799255,0.19595330953598022,0.5230405330657959,0.20853957533836365
310,1668984132.0864606,992000,0.48173752427101135,0.16146433353424072,0.5217151045799255,0.19595330953598022,0.5230405330657959,0.20853957533836365
311,1668984149.4861476,995200,0.48173752427101135,0.16146433353424072,0.5204759836196899,0.20525933802127838,0.5230405330657959,0.20853957533836365
312,1668984154.0913424,998400,0.48173752427101135,0.16146433353424072,0.5204759836196899,0.20525933802127838,0.520473301410675,0.2058289349079132
313,1668984158.7413583,1001600,0.4841424226760864,0.1845897138118744,0.5204759836196899,0.20525933802127838,0.520473301410675,0.2058289349079132
314,1668984178.8300767,1004800,0.4841424226760864,0.1845897138118744,0.5187504291534424,0.20948921144008636,0.520473301410675,0.2058289349079132
315,1668984181.1607556,1008000,0.4841424226760864,0.1845897138118744,0.5187504291534424,0.20948921144008636,0.5182697176933289,0.21585239470005035
316,1668984185.38267,1011200,0.48623988032341003,0.18069249391555786,0.5187504291534424,0.20948921144008636,0.5182697176933289,0.21585239470005035
317,1668984204.9883583,1014400,0.48623988032341003,0.18069249391555786,0.5170072317123413,0.21060018241405487,0.5182697176933289,0.21585239470005035
318,1668984209.1656766,1017600,0.48623988032341003,0.18069249391555786,0.5170072317123413,0.21060018241405487,0.517525851726532,0.21691226959228516
319,1668984211.7410038,1020800,0.4877357482910156,0.1939573734998703,0.5170072317123413,0.21060018241405487,0.517525851726532,0.21691226959228516
320,1668984231.6948953,1024000,0.4877357482910156,0.1939573734998703,0.514927327632904,0.19713184237480164,0.517525851726532,0.21691226959228516
321,1668984238.0436518,1027200,0.4877357482910156,0.1939573734998703,0.514927327632904,0.19713184237480164,0.5165851712226868,0.2242744415998459
322,1668984239.2531548,1030400,0.4895167648792267,0.1954154372215271,0.514927327632904,0.19713184237480164,0.5165851712226868,0.2242744415998459
323,1668984260.6338356,1033600,0.4895167648792267,0.1954154372215271,0.5124295949935913,0.2185451090335846,0.5165851712226868,0.2242744415998459
324,1668984263.808695,1036800,0.4919101595878601,0.18089327216148376,0.5124295949935913,0.2185451090335846,0.5165851712226868,0.2242744415998459
325,1668984266.0788567,1040000,0.4919101595878601,0.18089327216148376,0.5124295949935913,0.2185451090335846,0.5141938328742981,0.22131620347499847
326,1668984287.475435,1043200,0.4919101595878601,0.18089327216148376,0.5110607743263245,0.23292842507362366,0.5141938328742981,0.22131620347499847
327,1668984290.4364011,1046400,0.4944831430912018,0.19426479935646057,0.5110607743263245,0.23292842507362366,0.5141938328742981,0.22131620347499847
328,1668984294.2738976,1049600,0.4944831430912018,0.19426479935646057,0.5110607743263245,0.23292842507362366,0.5118946433067322,0.22866547107696533
329,1668984316.4478314,1052800,0.4944831430912018,0.19426479935646057,0.5090624094009399,0.2091236114501953,0.5118946433067322,0.22866547107696533
330,1668984316.9753475,1056000,0.4972333014011383,0.15509669482707977,0.5090624094009399,0.2091236114501953,0.5118946433067322,0.22866547107696533
331,1668984322.5476754,1059200,0.4972333014011383,0.15509669482707977,0.5090624094009399,0.2091236114501953,0.5101486444473267,0.20895467698574066
332,1668984342.9545481,1062400,0.4972333014011383,0.15509669482707977,0.5072506666183472,0.22825947403907776,0.5101486444473267,0.20895467698574066
333,1668984343.7534986,1065600,0.4998195767402649,0.17710080742835999,0.5072506666183472,0.22825947403907776,0.5101486444473267,0.20895467698574066
334,1668984350.0938182,1068800,0.4998195767402649,0.17710080742835999,0.5072506666183472,0.22825947403907776,0.5081235766410828,0.20577499270439148
335,1668984370.6224484,1072000,0.5026105046272278,0.16895081102848053,0.5072506666183472,0.22825947403907776,0.5081235766410828,0.20577499270439148
336,1668984370.7867281,1075200,0.5026105046272278,0.16895081102848053,0.5045835971832275,0.21184784173965454,0.5081235766410828,0.20577499270439148
337,1668984378.2500365,1078400,0.5026105046272278,0.16895081102848053,0.5045835971832275,0.21184784173965454,0.5063647627830505,0.20415066182613373
338,1668984395.9597235,1081600,0.5048741698265076,0.171558678150177,0.5045835971832275,0.21184784173965454,0.5063647627830505,0.20415066182613373
339,1668984398.9885743,1084800,0.5048741698265076,0.171558678150177,0.5017295479774475,0.20055939257144928,0.5063647627830505,0.20415066182613373
340,1668984406.148157,1088000,0.5048741698265076,0.171558678150177,0.5017295479774475,0.20055939257144928,0.5037477612495422,0.20164883136749268
341,1668984423.14438,1091200,0.5073750019073486,0.18609195947647095,0.5017295479774475,0.20055939257144928,0.5037477612495422,0.20164883136749268
342,1668984425.580973,1094400,0.5073750019073486,0.18609195947647095,0.4991605281829834,0.20508897304534912,0.5037477612495422,0.20164883136749268
343,1668984435.03461,1097600,0.5073750019073486,0.18609195947647095,0.4991605281829834,0.20508897304534912,0.5016897320747375,0.22470441460609436
344,1668984448.9738395,1100800,0.5100863575935364,0.1936977356672287,0.4991605281829834,0.20508897304534912,0.5016897320747375,0.22470441460609436
345,1668984454.2527592,1104000,0.5100863575935364,0.1936977356672287,0.4963921308517456,0.20285089313983917,0.5016897320747375,0.22470441460609436
346,1668984462.7658691,1107200,0.5100863575935364,0.1936977356672287,0.4963921308517456,0.20285089313983917,0.49872130155563354,0.21642771363258362
347,1668984476.0213637,1110400,0.5137194991111755,0.1732722818851471,0.4963921308517456,0.20285089313983917,0.49872130155563354,0.21642771363258362
348,1668984481.9844897,1113600,0.5137194991111755,0.1732722818851471,0.49357375502586365,0.1941869854927063,0.49872130155563354,0.21642771363258362
349,1668984491.398489,1116800,0.5137194991111755,0.1732722818851471,0.49357375502586365,0.1941869854927063,0.4956985116004944,0.21998730301856995
350,1668984502.062691,1120000,0.5172467827796936,0.17262931168079376,0.49357375502586365,0.1941869854927063,0.4956985116004944,0.21998730301856995
351,1668984509.483051,1123200,0.5172467827796936,0.17262931168079376,0.49117031693458557,0.19633668661117554,0.4956985116004944,0.21998730301856995
352,1668984519.499475,1126400,0.5172467827796936,0.17262931168079376,0.49117031693458557,0.19633668661117554,0.4932173788547516,0.2159280925989151
353,1668984528.4027932,1129600,0.5196129083633423,0.16977864503860474,0.49117031693458557,0.19633668661117554,0.4932173788547516,0.2159280925989151
354,1668984537.040518,1132800,0.5196129083633423,0.16977864503860474,0.48864564299583435,0.19698168337345123,0.4932173788547516,0.2159280925989151
355,1668984546.4239128,1136000,0.5196129083633423,0.16977864503860474,0.48864564299583435,0.19698168337345123,0.49124014377593994,0.21271373331546783
356,1668984555.515869,1139200,0.522323489189148,0.17607669532299042,0.48864564299583435,0.19698168337345123,0.49124014377593994,0.21271373331546783
357,1668984564.1308255,1142400,0.522323489189148,0.17607669532299042,0.486245334148407,0.20726975798606873,0.49124014377593994,0.21271373331546783
358,1668984575.1866112,1145600,0.522323489189148,0.17607669532299042,0.486245334148407,0.20726975798606873,0.4892134368419647,0.2180192917585373
359,1668984580.866731,1148800,0.5242969989776611,0.1789875030517578,0.486245334148407,0.20726975798606873,0.4892134368419647,0.2180192917585373
360,1668984591.7717478,1152000,0.5242969989776611,0.1789875030517578,0.48331722617149353,0.19613738358020782,0.4892134368419647,0.2180192917585373
361,1668984603.158783,1155200,0.5242969989776611,0.1789875030517578,0.48331722617149353,0.19613738358020782,0.48666930198669434,0.20117786526679993
362,1668984608.3285115,1158400,0.5262259244918823,0.1510223001241684,0.48331722617149353,0.19613738358020782,0.48666930198669434,0.20117786526679993
363,1668984619.4755747,1161600,0.5262259244918823,0.1510223001241684,0.4810195565223694,0.21854902803897858,0.48666930198669434,0.20117786526679993
364,1668984631.3257897,1164800,0.5262259244918823,0.1510223001241684,0.4810195565223694,0.21854902803897858,0.4838014841079712,0.2129095196723938
365,1668984634.3704507,1168000,0.528265655040741,0.16411782801151276,0.4810195565223694,0.21854902803897858,0.4838014841079712,0.2129095196723938
366,1668984647.4284484,1171200,0.528265655040741,0.16411782801151276,0.4782368838787079,0.21555019915103912,0.4838014841079712,0.2129095196723938
367,1668984659.9388819,1174400,0.528265655040741,0.16411782801151276,0.4782368838787079,0.21555019915103912,0.4808143675327301,0.2186955064535141
368,1668984660.7864647,1177600,0.5306083559989929,0.1737871915102005,0.4782368838787079,0.21555019915103912,0.4808143675327301,0.2186955064535141
